,ORIGIN_STATE_ABR,DEST_STATE_ABR,PASSENGERS
0,AK,AK,132792.0
1,AK,AZ,1855.0
2,AK,CA,2756.0
3,AK,CO,2895.0
4,AK,HI,5559.0
5,AK,MN,3363.0
6,AK,OR,5339.0
7,AK,WA,59718.0
8,AL,AL,5.0
9,AL,AZ,325.0
10,AL,CO,4256.0
11,AL,DC,5265.0
12,AL,FL,8705.0
13,AL,GA,36692.0
14,AL,IL,7823.0
15,AL,KY,13.0
16,AL,MD,1287.0
17,AL,MI,3375.0
18,AL,NC,14224.0
19,AL,NJ,7.0
20,AL,NV,1856.0
21,AL,NY,1573.0
22,AL,PA,1125.0
23,AL,SC,30.0
24,AL,TX,30205.0
25,AL,VA,25.0
26,AR,AZ,1955.0
27,AR,CA,1210.0
28,AR,CO,5980.0
29,AR,DC,1249.0
30,AR,FL,2572.0
31,AR,GA,13961.0
32,AR,IL,8307.0
33,AR,LA,39.0
34,AR,MI,222.0
35,AR,MN,1025.0
36,AR,MO,2829.0
37,AR,NC,5829.0
38,AR,NJ,606.0
39,AR,NM,57.0
40,AR,NV,2300.0
41,AR,NY,1190.0
42,AR,OK,126.0
43,AR,PA,551.0
44,AR,TN,618.0
45,AR,TX,27918.0
46,AZ,AK,2816.0
47,AZ,AL,323.0
48,AZ,AR,2161.0
49,AZ,AZ,35386.0
50,AZ,CA,241396.0
51,AZ,CO,84574.0
52,AZ,DC,11430.0
53,AZ,FL,30998.0
54,AZ,GA,34251.0
55,AZ,HI,20113.0
56,AZ,IA,17719.0
57,AZ,ID,10364.0
58,AZ,IL,88426.0
59,AZ,IN,13012.0
60,AZ,KS,4200.0
61,AZ,KY,9253.0
62,AZ,LA,5036.0
63,AZ,MA,14731.0
64,AZ,MD,9822.0
65,AZ,MI,30392.0
66,AZ,MN,64628.0
67,AZ,MO,31071.0
68,AZ,MS,113.0
69,AZ,MT,7146.0
70,AZ,NC,25123.0
71,AZ,ND,18643.0
72,AZ,NE,13281.0
73,AZ,NJ,19140.0
74,AZ,NM,16283.0
75,AZ,NV,48881.0
76,AZ,NY,19269.0
77,AZ,OH,13814.0
78,AZ,OK,9437.0
79,AZ,OR,32166.0
80,AZ,PA,27443.0
81,AZ,SD,9790.0
82,AZ,TN,11132.0
83,AZ,TX,142361.0
84,AZ,UT,45064.0
85,AZ,WA,65716.0
86,AZ,WI,22851.0
87,CA,AK,3633.0
88,CA,AL,72.0
89,CA,AR,1285.0
90,CA,AZ,235253.0
91,CA,CA,809873.0
92,CA,CO,202082.0
93,CA,DC,55471.0
94,CA,FL,98642.0
95,CA,GA,118450.0
96,CA,HI,219035.0
97,CA,IA,88.0
98,CA,ID,21640.0
99,CA,IL,172951.0
100,CA,IN,6907.0
101,CA,KY,7173.0
102,CA,LA,20816.0
103,CA,MA,60566.0
104,CA,MD,25443.0
105,CA,MI,42623.0
106,CA,MN,71612.0
107,CA,MO,35301.0
108,CA,MT,2422.0
109,CA,NC,48587.0
110,CA,NE,6194.0
111,CA,NJ,74148.0
112,CA,NM,15476.0
113,CA,NV,226391.0
114,CA,NY,115045.0
115,CA,OH,15429.0
116,CA,OK,5425.0
117,CA,OR,137787.0
118,CA,PA,38507.0
119,CA,TN,27060.0
120,CA,TX,375572.0
121,CA,UT,123235.0
122,CA,WA,207825.0
123,CA,WI,1986.0
124,CA,WY,2259.0
125,CO,AK,3015.0
126,CO,AL,4593.0
127,CO,AR,6289.0
128,CO,AZ,76993.0
129,CO,CA,199802.0
130,CO,CO,64053.0
131,CO,CT,3480.0
132,CO,DC,32057.0
133,CO,FL,103170.0
134,CO,GA,46811.0
135,CO,HI,14895.0
136,CO,IA,13323.0
137,CO,ID,13565.0
138,CO,IL,72487.0
139,CO,IN,10622.0
140,CO,KS,6287.0
141,CO,KY,12176.0
142,CO,LA,16130.0
143,CO,MA,19683.0
144,CO,MD,19421.0
145,CO,MI,24468.0
146,CO,MN,35444.0
147,CO,MO,37329.0
148,CO,MT,25013.0
149,CO,NC,30306.0
150,CO,ND,12182.0
151,CO,NE,18594.0
152,CO,NJ,20692.0
153,CO,NM,13140.0
154,CO,NV,52196.0
155,CO,NY,33191.0
156,CO,OH,19602.0
157,CO,OK,17631.0
158,CO,OR,29884.0
159,CO,PA,24921.0
160,CO,SC,3386.0
161,CO,SD,10831.0
162,CO,TN,24940.0
163,CO,TX,197148.0
164,CO,UT,39875.0
165,CO,VA,5016.0
166,CO,WA,43103.0
167,CO,WI,17289.0
168,CO,WY,14313.0
169,CT,CO,2906.0
170,CT,DC,8116.0
171,CT,FL,51822.0
172,CT,GA,11359.0
173,CT,IL,9965.0
174,CT,KY,565.0
175,CT,LA,42.0
176,CT,MA,114.0
177,CT,MD,7445.0
178,CT,MI,5299.0
179,CT,MN,3613.0
180,CT,MO,2031.0
181,CT,MS,164.0
182,CT,NC,13230.0
183,CT,NY,124.0
184,CT,OH,318.0
185,CT,PA,6108.0
186,CT,PR,3763.0
187,CT,SC,1906.0
188,CT,TN,59.0
189,CT,TX,2797.0
190,DC,AL,5206.0
191,DC,AR,1289.0
192,DC,AZ,10510.0
193,DC,CA,52534.0
194,DC,CO,31349.0
195,DC,CT,8828.0
196,DC,FL,110523.0
197,DC,GA,51920.0
198,DC,HI,1742.0
199,DC,IA,1342.0
200,DC,IL,40863.0
201,DC,IN,6404.0
202,DC,KY,10049.0
203,DC,LA,9449.0
204,DC,MA,33303.0
205,DC,ME,7778.0
206,DC,MI,20617.0
207,DC,MN,16951.0
208,DC,MO,17381.0
209,DC,MS,637.0
210,DC,NC,40858.0
211,DC,NE,2462.0
212,DC,NH,5311.0
213,DC,NJ,10866.0
214,DC,NV,5712.0
215,DC,NY,40464.0
216,DC,OH,17621.0
217,DC,OK,3510.0
218,DC,OR,3631.0
219,DC,PA,13982.0
220,DC,PR,4590.0
221,DC,RI,9790.0
222,DC,SC,13439.0
223,DC,TN,16448.0
224,DC,TX,65345.0
225,DC,UT,4266.0
226,DC,VA,12032.0
227,DC,VI,1708.0
228,DC,VT,5694.0
229,DC,WA,11552.0
230,DC,WI,3761.0
231,DC,WV,749.0
232,FL,AL,9397.0
233,FL,AR,2943.0
234,FL,AZ,35315.0
235,FL,CA,109073.0
236,FL,CO,110653.0
237,FL,CT,67757.0
238,FL,DC,133865.0
239,FL,FL,150318.0
240,FL,GA,415701.0
241,FL,IA,15347.0
242,FL,IL,327979.0
243,FL,IN,84032.0
244,FL,KS,552.0
245,FL,KY,77506.0
246,FL,LA,38452.0
247,FL,MA,194460.0
248,FL,MD,127807.0
249,FL,ME,11792.0
250,FL,MI,206574.0
251,FL,MN,141217.0
252,FL,MO,78893.0
253,FL,MS,1484.0
254,FL,NC,280495.0
255,FL,ND,2695.0
256,FL,NE,7860.0
257,FL,NH,13744.0
258,FL,NJ,281757.0
259,FL,NV,29499.0
260,FL,NY,436917.0
261,FL,OH,134065.0
262,FL,OK,3086.0
263,FL,OR,3889.0
264,FL,PA,237687.0
265,FL,PR,99060.0
266,FL,RI,37433.0
267,FL,SC,13289.0
268,FL,SD,3187.0
269,FL,TN,99378.0
270,FL,TX,373328.0
271,FL,UT,16817.0
272,FL,VA,31658.0
273,FL,VI,17357.0
274,FL,VT,1289.0
275,FL,WA,24164.0
276,FL,WI,51985.0
277,FL,WV,4706.0
278,GA,AL,38621.0
279,GA,AR,15048.0
280,GA,AZ,31766.0
281,GA,CA,108198.0
282,GA,CO,42964.0
283,GA,CT,12721.0
284,GA,DC,52973.0
285,GA,FL,378983.0
286,GA,GA,62994.0
287,GA,HI,4687.0
288,GA,IA,8811.0
289,GA,IL,65135.0
290,GA,IN,27931.0
291,GA,KS,5036.0
292,GA,KY,38965.0
293,GA,LA,44596.0
294,GA,MA,38841.0
295,GA,MD,36054.0
296,GA,ME,2264.0
297,GA,MI,55983.0
298,GA,MN,41910.0
299,GA,MO,47077.0
300,GA,MS,16936.0
301,GA,MT,1505.0
302,GA,NC,95992.0
303,GA,ND,229.0
304,GA,NE,10610.0
305,GA,NH,359.0
306,GA,NJ,37329.0
307,GA,NM,4901.0
308,GA,NV,29239.0
309,GA,NY,99034.0
310,GA,OH,49307.0
311,GA,OK,15340.0
312,GA,OR,8628.0
313,GA,PA,62471.0
314,GA,PR,12075.0
315,GA,RI,5529.0
316,GA,SC,54843.0
317,GA,SD,1976.0
318,GA,TN,67524.0
319,GA,TX,150591.0
320,GA,UT,30236.0
321,GA,VA,52821.0
322,GA,VI,5586.0
323,GA,VT,1349.0
324,GA,WA,18842.0
325,GA,WI,25831.0
326,GA,WV,3215.0
327,GA,WY,1699.0
328,HI,AK,7413.0
329,HI,AZ,24408.0
330,HI,CA,275722.0
331,HI,CO,19735.0
332,HI,DC,2877.0
333,HI,GA,6816.0
334,HI,HI,333170.0
335,HI,IL,15343.0
336,HI,MA,4216.0
337,HI,MN,5397.0
338,HI,NJ,4031.0
339,HI,NV,13627.0
340,HI,NY,4845.0
341,HI,OR,26735.0
342,HI,TT,6372.0
343,HI,TX,32049.0
344,HI,UT,10783.0
345,HI,WA,69211.0
346,IA,AZ,14161.0
347,IA,CO,12346.0
348,IA,DC,1256.0
349,IA,FL,12051.0
350,IA,GA,7214.0
351,IA,IA,160.0
352,IA,IL,19828.0
353,IA,IN,110.0
354,IA,KS,28.0
355,IA,MI,5044.0
356,IA,MN,5296.0
357,IA,MO,3198.0
358,IA,NC,5733.0
359,IA,NE,54.0
360,IA,NJ,41.0
361,IA,NV,4846.0
362,IA,NY,614.0
363,IA,PA,613.0
364,IA,TN,1057.0
365,IA,TX,11871.0
366,IA,UT,731.0
367,ID,AZ,8937.0
368,ID,CA,20497.0
369,ID,CO,12361.0
370,ID,ID,102.0
371,ID,IL,2381.0
372,ID,MN,2915.0
373,ID,NV,4282.0
374,ID,OR,5787.0
375,ID,TX,5270.0
376,ID,UT,17265.0
377,ID,WA,20026.0
378,IL,AL,6856.0
379,IL,AR,8092.0
380,IL,AZ,75818.0
381,IL,CA,156223.0
382,IL,CO,67388.0
383,IL,CT,11037.0
384,IL,DC,37762.0
385,IL,FL,274446.0
386,IL,GA,62035.0
387,IL,HI,9954.0
388,IL,IA,21731.0
389,IL,ID,2542.0
390,IL,IL,27595.0
391,IL,IN,21603.0
392,IL,KS,6295.0
393,IL,KY,28403.0
394,IL,LA,17119.0
395,IL,MA,36036.0
396,IL,MD,21688.0
397,IL,ME,2154.0
398,IL,MI,62205.0
399,IL,MN,54534.0
400,IL,MO,50041.0
401,IL,MS,1102.0
402,IL,MT,5335.0
403,IL,NC,43711.0
404,IL,ND,6678.0
405,IL,NE,20033.0
406,IL,NH,2943.0
407,IL,NJ,22675.0
408,IL,NM,5758.0
409,IL,NV,49172.0
410,IL,NY,90153.0
411,IL,OH,48787.0
412,IL,OK,10511.0
413,IL,OR,13769.0
414,IL,PA,56763.0
415,IL,PR,6780.0
416,IL,RI,5529.0
417,IL,SC,12401.0
418,IL,SD,5492.0
419,IL,TN,32559.0
420,IL,TX,138392.0
421,IL,UT,18058.0
422,IL,VA,15084.0
423,IL,VI,491.0
424,IL,VT,2714.0
425,IL,WA,26281.0
426,IL,WI,41404.0
427,IL,WV,2202.0
428,IL,WY,3092.0
429,IN,AZ,11459.0
430,IN,CA,6413.0
431,IN,CO,10313.0
432,IN,DC,6209.0
433,IN,FL,69239.0
434,IN,GA,25924.0
435,IN,IA,168.0
436,IN,IL,21277.0
437,IN,IN,1.0
438,IN,KY,4.0
439,IN,LA,740.0
440,IN,MA,2109.0
441,IN,MD,4559.0
442,IN,MI,10873.0
443,IN,MN,6417.0
444,IN,MO,1594.0
445,IN,MS,253.0
446,IN,NC,13772.0
447,IN,NE,39.0
448,IN,NJ,3878.0
449,IN,NV,9272.0
450,IN,NY,6175.0
451,IN,OK,52.0
452,IN,PA,3792.0
453,IN,SC,434.0
454,IN,TN,13.0
455,IN,TX,25006.0
456,IN,UT,1445.0
457,IN,WA,3170.0
458,IN,WI,114.0
459,KS,AZ,4228.0
460,KS,CO,6309.0
461,KS,FL,518.0
462,KS,GA,4402.0
463,KS,IL,5717.0
464,KS,KS,180.0
465,KS,MN,1447.0
466,KS,MO,2760.0
467,KS,NJ,3.0
468,KS,NV,2085.0
469,KS,OK,32.0
470,KS,TX,14017.0
471,KS,WA,968.0
472,KY,AZ,7349.0
473,KY,CA,5665.0
474,KY,CO,10908.0
475,KY,CT,585.0
476,KY,DC,10052.0
477,KY,FL,65130.0
478,KY,GA,34587.0
479,KY,IL,28004.0
480,KY,IN,19.0
481,KY,LA,1818.0
482,KY,MA,2671.0
483,KY,MD,7430.0
484,KY,MI,9426.0
485,KY,MN,6619.0
486,KY,MO,1790.0
487,KY,MS,107.0
488,KY,NC,17702.0
489,KY,NJ,6441.0
490,KY,NV,6768.0
491,KY,NY,8427.0
492,KY,OH,1.0
493,KY,OK,7.0
494,KY,PA,5720.0
495,KY,SC,580.0
496,KY,TN,179.0
497,KY,TX,26635.0
498,KY,UT,2450.0
499,KY,WA,848.0
500,LA,AL,1.0
501,LA,AR,18.0
502,LA,AZ,5568.0
503,LA,CA,24112.0
504,LA,CO,16613.0
505,LA,CT,42.0
506,LA,DC,10596.0
507,LA,FL,37777.0
508,LA,GA,48376.0
509,LA,IL,19932.0
510,LA,IN,986.0
511,LA,KY,2102.0
512,LA,LA,83.0
513,LA,MA,6693.0
514,LA,MD,8798.0
515,LA,MI,11061.0
516,LA,MN,6641.0
517,LA,MO,5993.0
518,LA,NC,19015.0
519,LA,NJ,10348.0
520,LA,NV,5854.0
521,LA,NY,13870.0
522,LA,OH,1211.0
523,LA,PA,5181.0
524,LA,TN,7183.0
525,LA,TX,88749.0
526,LA,UT,2091.0
527,LA,WA,4716.0
528,MA,AZ,12502.0
529,MA,CA,57230.0
530,MA,CO,18259.0
531,MA,DC,32182.0
532,MA,FL,150215.0
533,MA,GA,35578.0
534,MA,HI,2567.0
535,MA,IL,35809.0
536,MA,IN,2202.0
537,MA,KY,2820.0
538,MA,LA,5677.0
539,MA,MA,3138.0
540,MA,MD,16184.0
541,MA,ME,784.0
542,MA,MI,14841.0
543,MA,MN,16099.0
544,MA,MO,5584.0
545,MA,NC,34820.0
546,MA,NH,248.0
547,MA,NJ,18265.0
548,MA,NV,10020.0
549,MA,NY,42441.0
550,MA,OH,8251.0
551,MA,OK,84.0
552,MA,OR,2089.0
553,MA,PA,29483.0
554,MA,PR,10446.0
555,MA,SC,7126.0
556,MA,TN,10448.0
557,MA,TX,30311.0
558,MA,UT,7408.0
559,MA,VA,5712.0
560,MA,VI,2066.0
561,MA,VT,243.0
562,MA,WA,9777.0
563,MA,WI,1381.0
564,MA,WV,3.0
565,MD,AL,1539.0
566,MD,AZ,8379.0
567,MD,CA,23490.0
568,MD,CO,17438.0
569,MD,CT,8423.0
570,MD,DC,33.0
571,MD,FL,104447.0
572,MD,GA,32826.0
573,MD,IL,21874.0
574,MD,IN,4909.0
575,MD,KY,7581.0
576,MD,LA,6911.0
577,MD,MA,16006.0
578,MD,ME,6080.0
579,MD,MI,14946.0
580,MD,MN,8783.0
581,MD,MO,8440.0
582,MD,NC,34147.0
583,MD,NH,8430.0
584,MD,NM,2035.0
585,MD,NV,9046.0
586,MD,NY,26760.0
587,MD,OH,7938.0
588,MD,OK,1085.0
589,MD,PA,7265.0
590,MD,PR,8135.0
591,MD,RI,8436.0
592,MD,SC,7826.0
593,MD,SD,31.0
594,MD,TN,11448.0
595,MD,TX,42824.0
596,MD,UT,4347.0
597,MD,VA,6814.0
598,MD,WA,2266.0
599,MD,WI,2188.0
600,MD,WV,124.0
601,ME,DC,6280.0
602,ME,FL,7916.0
603,ME,GA,1795.0
604,ME,IL,1679.0
605,ME,MA,850.0
606,ME,MD,5433.0
607,ME,MI,2162.0
608,ME,NC,4808.0
609,ME,NJ,4793.0
610,ME,NY,6483.0
611,ME,PA,7779.0
612,MI,AL,3208.0
613,MI,AR,289.0
614,MI,AZ,24419.0
615,MI,CA,34593.0
616,MI,CO,20826.0
617,MI,CT,5006.0
618,MI,DC,17643.0
619,MI,FL,154850.0
620,MI,GA,45626.0
621,MI,IA,5431.0
622,MI,IL,52953.0
623,MI,IN,11718.0
624,MI,KY,9544.0
625,MI,LA,8834.0
626,MI,MA,12796.0
627,MI,MD,12865.0
628,MI,ME,2567.0
629,MI,MI,48308.0
630,MI,MN,27490.0
631,MI,MO,15897.0
632,MI,MS,147.0
633,MI,MT,211.0
634,MI,NC,25328.0
635,MI,NE,2478.0
636,MI,NH,2494.0
637,MI,NJ,10362.0
638,MI,NV,24995.0
639,MI,NY,44301.0
640,MI,OH,11638.0
641,MI,OK,1000.0
642,MI,OR,2244.0
643,MI,PA,21667.0
644,MI,PR,2013.0
645,MI,RI,2950.0
646,MI,SC,5340.0
647,MI,TN,17004.0
648,MI,TX,45435.0
649,MI,UT,11265.0
650,MI,VA,5591.0
651,MI,VT,2377.0
652,MI,WA,10678.0
653,MI,WI,19937.0
654,MN,AK,3523.0
655,MN,AR,1002.0
656,MN,AZ,50199.0
657,MN,CA,56882.0
658,MN,CO,33285.0
659,MN,CT,3856.0
660,MN,DC,14447.0
661,MN,FL,102879.0
662,MN,GA,32163.0
663,MN,HI,3471.0
664,MN,IA,5677.0
665,MN,ID,3502.0
666,MN,IL,50834.0
667,MN,IN,6402.0
668,MN,KS,1465.0
669,MN,KY,7154.0
670,MN,LA,5389.0
671,MN,MA,13950.0
672,MN,MD,9242.0
673,MN,MI,27700.0
674,MN,MN,21488.0
675,MN,MO,16169.0
676,MN,MT,13242.0
677,MN,NC,17049.0
678,MN,ND,24448.0
679,MN,NE,6995.0
680,MN,NJ,8889.0
681,MN,NV,26867.0
682,MN,NY,17029.0
683,MN,OH,8082.0
684,MN,OK,1911.0
685,MN,OR,9353.0
686,MN,PA,10060.0
687,MN,PR,1784.0
688,MN,SC,273.0
689,MN,SD,11014.0
690,MN,TN,11799.0
691,MN,TX,40174.0
692,MN,UT,13930.0
693,MN,VA,1713.0
694,MN,WA,22496.0
695,MN,WI,22416.0
696,MO,AL,96.0
697,MO,AR,2831.0
698,MO,AZ,25787.0
699,MO,CA,33266.0
700,MO,CO,34508.0
701,MO,CT,2380.0
702,MO,DC,15823.0
703,MO,FL,60452.0
704,MO,GA,42262.0
705,MO,IA,3535.0
706,MO,ID,9.0
707,MO,IL,50462.0
708,MO,IN,2201.0
709,MO,KS,2951.0
710,MO,KY,1723.0
711,MO,LA,5092.0
712,MO,MA,5895.0
713,MO,MD,8308.0
714,MO,MI,16692.0
715,MO,MN,17020.0
716,MO,MO,10051.0
717,MO,MS,17.0
718,MO,NC,22629.0
719,MO,NE,4375.0
720,MO,NJ,5919.0
721,MO,NM,1498.0
722,MO,NV,17429.0
723,MO,NY,12707.0
724,MO,OH,5146.0
725,MO,OK,5254.0
726,MO,OR,2382.0
727,MO,PA,11077.0
728,MO,SC,160.0
729,MO,TN,8396.0
730,MO,TX,83173.0
731,MO,UT,9495.0
732,MO,WA,8753.0
733,MO,WI,5330.0
734,MS,AZ,147.0
735,MS,CT,159.0
736,MS,DC,556.0
737,MS,FL,1713.0
738,MS,GA,16586.0
739,MS,IL,1174.0
740,MS,IN,423.0
741,MS,KY,104.0
742,MS,MI,163.0
743,MS,MS,25.0
744,MS,NC,5369.0
745,MS,NY,266.0
746,MS,OH,443.0
747,MS,OK,98.0
748,MS,RI,105.0
749,MS,SC,234.0
750,MS,TN,1145.0
751,MS,TX,14874.0
752,MT,AZ,6017.0
753,MT,CA,2614.0
754,MT,CO,23769.0
755,MT,GA,1897.0
756,MT,ID,63.0
757,MT,IL,6813.0
758,MT,MA,5.0
759,MT,MI,186.0
760,MT,MN,12290.0
761,MT,MT,2438.0
762,MT,NJ,1704.0
763,MT,NV,3181.0
764,MT,OR,2745.0
765,MT,PA,75.0
766,MT,TX,6159.0
767,MT,UT,20305.0
768,MT,WA,16936.0
769,NC,AL,13791.0
770,NC,AR,6068.0
771,NC,AZ,22901.0
772,NC,CA,42645.0
773,NC,CO,27483.0
774,NC,CT,14494.0
775,NC,DC,38851.0
776,NC,DE,7.0
777,NC,FL,247652.0
778,NC,GA,90832.0
779,NC,IA,6729.0
780,NC,IL,46978.0
781,NC,IN,14449.0
782,NC,KY,18546.0
783,NC,LA,17203.0
784,NC,MA,36049.0
785,NC,MD,36264.0
786,NC,ME,5342.0
787,NC,MI,30002.0
788,NC,MN,18151.0
789,NC,MO,24295.0
790,NC,MS,5303.0
791,NC,NC,111799.0
792,NC,NE,4187.0
793,NC,NH,4210.0
794,NC,NJ,39018.0
795,NC,NM,150.0
796,NC,NV,16973.0
797,NC,NY,81978.0
798,NC,OH,27220.0
799,NC,OK,5875.0
800,NC,OR,2704.0
801,NC,PA,66475.0
802,NC,PR,7355.0
803,NC,RI,8779.0
804,NC,SC,38777.0
805,NC,TN,44019.0
806,NC,TX,82562.0
807,NC,UT,7062.0
808,NC,VA,46276.0
809,NC,VI,2603.0
810,NC,VT,3165.0
811,NC,WA,9946.0
812,NC,WI,8917.0
813,NC,WV,5164.0
814,ND,AZ,13583.0
815,ND,CO,10953.0
816,ND,FL,2011.0
817,ND,GA,170.0
818,ND,IL,5423.0
819,ND,MN,19846.0
820,ND,ND,657.0
821,ND,NV,4956.0
822,ND,OK,31.0
823,ND,SD,213.0
824,ND,TX,4175.0
825,NE,AZ,11063.0
826,NE,CA,5052.0
827,NE,CO,16824.0
828,NE,DC,2096.0
829,NE,FL,6313.0
830,NE,GA,8587.0
831,NE,ID,19.0
832,NE,IL,17972.0
833,NE,IN,46.0
834,NE,MI,2166.0
835,NE,MN,6704.0
836,NE,MO,3708.0
837,NE,NC,3447.0
838,NE,NE,50.0
839,NE,NJ,1601.0
840,NE,NV,6921.0
841,NE,NY,1244.0
842,NE,PA,784.0
843,NE,TN,337.0
844,NE,TX,15859.0
845,NE,UT,1638.0
846,NE,WA,2102.0
847,NE,WI,159.0
848,NH,CO,13.0
849,NH,DC,4120.0
850,NH,FL,9044.0
851,NH,GA,142.0
852,NH,IL,2249.0
853,NH,MA,242.0
854,NH,MD,7259.0
855,NH,MI,2613.0
856,NH,NC,3844.0
857,NH,NY,574.0
858,NH,PA,2944.0
859,NH,VA,50.0
860,NH,VT,13.0
861,NJ,AL,7.0
862,NJ,AR,593.0
863,NJ,AZ,18101.0
864,NJ,CA,71001.0
865,NJ,CO,18692.0
866,NJ,DC,12175.0
867,NJ,FL,233126.0
868,NJ,GA,37531.0
869,NJ,HI,2827.0
870,NJ,IA,86.0
871,NJ,IL,22764.0
872,NJ,IN,3553.0
873,NJ,KS,3.0
874,NJ,KY,6744.0
875,NJ,LA,8867.0
876,NJ,MA,20969.0
877,NJ,ME,5627.0
878,NJ,MI,10638.0
879,NJ,MN,10203.0
880,NJ,MO,6336.0
881,NJ,MT,1433.0
882,NJ,NC,40221.0
883,NJ,NE,1860.0
884,NJ,NH,13.0
885,NJ,NV,16065.0
886,NJ,NY,10389.0
887,NJ,OH,10516.0
888,NJ,OR,4983.0
889,NJ,PA,6742.0
890,NJ,PR,21337.0
891,NJ,RI,2188.0
892,NJ,SC,10258.0
893,NJ,TN,10137.0
894,NJ,TX,47310.0
895,NJ,UT,7204.0
896,NJ,VA,6076.0
897,NJ,VI,2227.0
898,NJ,VT,3132.0
899,NJ,WA,7200.0
900,NJ,WI,3119.0
901,NJ,WY,1382.0
902,NM,AR,57.0
903,NM,AZ,15723.0
904,NM,CA,14138.0
905,NM,CO,12419.0
906,NM,DC,112.0
907,NM,GA,4653.0
908,NM,IL,6407.0
909,NM,MD,2333.0
910,NM,MO,1385.0
911,NM,NM,737.0
912,NM,NV,5793.0
913,NM,NY,1537.0
914,NM,OR,1150.0
915,NM,TX,37802.0
916,NM,UT,3105.0
917,NM,WA,1980.0
918,NV,AL,1897.0
919,NV,AR,2417.0
920,NV,AZ,51491.0
921,NV,CA,245904.0
922,NV,CO,56418.0
923,NV,DC,7029.0
924,NV,FL,32893.0
925,NV,GA,36510.0
926,NV,HI,16233.0
927,NV,IA,5515.0
928,NV,ID,4745.0
929,NV,IL,58752.0
930,NV,IN,11402.0
931,NV,KS,2460.0
932,NV,KY,7614.0
933,NV,LA,5259.0
934,NV,MA,12268.0
935,NV,MD,11269.0
936,NV,MI,31485.0
937,NV,MN,32608.0
938,NV,MO,21317.0
939,NV,MT,3608.0
940,NV,NC,21026.0
941,NV,ND,5910.0
942,NV,NE,7424.0
943,NV,NJ,19154.0
944,NV,NM,5839.0
945,NV,NV,34038.0
946,NV,NY,19649.0
947,NV,OH,15503.0
948,NV,OK,6963.0
949,NV,OR,28132.0
950,NV,PA,16130.0
951,NV,SD,2696.0
952,NV,TN,12126.0
953,NV,TX,128197.0
954,NV,UT,26683.0
955,NV,VA,1105.0
956,NV,WA,55288.0
957,NV,WI,9963.0
958,NY,AL,1718.0
959,NY,AR,1393.0
960,NY,AZ,18621.0
961,NY,CA,118884.0
962,NY,CO,32655.0
963,NY,CT,8.0
964,NY,DC,39443.0
965,NY,FL,362385.0
966,NY,GA,99532.0
967,NY,HI,3695.0
968,NY,IA,877.0
969,NY,IL,94463.0
970,NY,IN,6845.0
971,NY,KS,154.0
972,NY,KY,9586.0
973,NY,LA,12584.0
974,NY,MA,46359.0
975,NY,MD,25714.0
976,NY,ME,7081.0
977,NY,MI,51004.0
978,NY,MN,20673.0
979,NY,MO,15058.0
980,NY,MS,273.0
981,NY,NC,83423.0
982,NY,NE,1770.0
983,NY,NH,646.0
984,NY,NJ,9445.0
985,NY,NM,1813.0
986,NY,NV,15676.0
987,NY,NY,48921.0
988,NY,OH,18812.0
989,NY,OK,51.0
990,NY,OR,6643.0
991,NY,PA,30675.0
992,NY,PR,24961.0
993,NY,RI,47.0
994,NY,SC,17357.0
995,NY,TN,21210.0
996,NY,TX,83073.0
997,NY,UT,17187.0
998,NY,VA,13541.0
999,NY,VI,2447.0
1000,NY,VT,7548.0
1001,NY,WA,15016.0
1002,NY,WI,6531.0
1003,NY,WY,291.0
1004,OH,AL,5.0
1005,OH,AR,22.0
1006,OH,AZ,10869.0
1007,OH,CA,13159.0
1008,OH,CO,17665.0
1009,OH,CT,447.0
1010,OH,DC,17009.0
1011,OH,FL,108500.0
1012,OH,GA,44050.0
1013,OH,IL,45495.0
1014,OH,KY,22.0
1015,OH,LA,1078.0
1016,OH,MA,7715.0
1017,OH,MD,7104.0
1018,OH,MI,10850.0
1019,OH,MN,8063.0
1020,OH,MO,5557.0
1021,OH,MS,312.0
1022,OH,MT,95.0
1023,OH,NC,24053.0
1024,OH,NJ,8492.0
1025,OH,NM,17.0
1026,OH,NV,12524.0
1027,OH,NY,15955.0
1028,OH,OH,942.0
1029,OH,OK,3.0
1030,OH,PA,8822.0
1031,OH,SC,1397.0
1032,OH,TN,6573.0
1033,OH,TX,26941.0
1034,OH,UT,1382.0
1035,OH,VA,7.0
1036,OH,WA,1673.0
1037,OH,WI,1659.0
1038,OK,AZ,9160.0
1039,OK,CA,4602.0
1040,OK,CO,16435.0
1041,OK,DC,2956.0
1042,OK,FL,3040.0
1043,OK,GA,14851.0
1044,OK,IL,10051.0
1045,OK,MD,1047.0
1046,OK,MI,917.0
1047,OK,MN,1900.0
1048,OK,MO,5137.0
1049,OK,NC,5799.0
1050,OK,NV,5910.0
1051,OK,OK,158.0
1052,OK,PA,584.0
1053,OK,TN,2144.0
1054,OK,TX,54113.0
1055,OK,UT,2959.0
1056,OK,WA,1714.0
1057,OR,AK,6909.0
1058,OR,AZ,27402.0
1059,OR,CA,124043.0
1060,OR,CO,27284.0
1061,OR,DC,3055.0
1062,OR,FL,2556.0
1063,OR,GA,7899.0
1064,OR,HI,19271.0
1065,OR,ID,6177.0
1066,OR,IL,13591.0
1067,OR,MA,2013.0
1068,OR,MI,2096.0
1069,OR,MN,9621.0
1070,OR,MO,2584.0
1071,OR,MT,2964.0
1072,OR,NC,2744.0
1073,OR,NJ,4327.0
1074,OR,NM,997.0
1075,OR,NV,24782.0
1076,OR,NY,4879.0
1077,OR,OK,66.0
1078,OR,OR,17389.0
1079,OR,TN,51.0
1080,OR,TX,17626.0
1081,OR,UT,18148.0
1082,OR,WA,51136.0
1083,PA,AL,1174.0
1084,PA,AR,529.0
1085,PA,AZ,22259.0
1086,PA,CA,33504.0
1087,PA,CO,21364.0
1088,PA,CT,6508.0
1089,PA,DC,13301.0
1090,PA,FL,189387.0
1091,PA,GA,58821.0
1092,PA,IA,777.0
1093,PA,IL,53555.0
1094,PA,IN,3923.0
1095,PA,KY,5803.0
1096,PA,LA,4271.0
1097,PA,MA,29730.0
1098,PA,MD,5923.0
1099,PA,ME,9237.0
1100,PA,MI,22629.0
1101,PA,MN,10210.0
1102,PA,MO,10094.0
1103,PA,MS,60.0
1104,PA,NC,59747.0
1105,PA,NE,774.0
1106,PA,NH,3568.0
1107,PA,NJ,5502.0
1108,PA,NV,12811.0
1109,PA,NY,30674.0
1110,PA,OH,8936.0
1111,PA,OK,451.0
1112,PA,PA,27377.0
1113,PA,PR,16701.0
1114,PA,RI,5049.0
1115,PA,SC,11355.0
1116,PA,TN,15296.0
1117,PA,TX,48955.0
1118,PA,UT,3615.0
1119,PA,VA,9601.0
1120,PA,VI,2100.0
1121,PA,VT,3417.0
1122,PA,WA,6025.0
1123,PA,WI,2677.0
1124,PA,WV,507.0
1125,PR,CT,4920.0
1126,PR,DC,5970.0
1127,PR,FL,101855.0
1128,PR,GA,15507.0
1129,PR,IL,8842.0
1130,PR,MA,13519.0
1131,PR,MD,9020.0
1132,PR,MI,2856.0
1133,PR,MN,2351.0
1134,PR,NC,9196.0
1135,PR,NJ,24717.0
1136,PR,NY,28370.0
1137,PR,OK,116.0
1138,PR,PA,19107.0
1139,PR,PR,8406.0
1140,PR,TX,12651.0
1141,PR,VI,5161.0
1142,RI,DC,9351.0
1143,RI,FL,27516.0
1144,RI,GA,4830.0
1145,RI,IL,6015.0
1146,RI,MA,43.0
1147,RI,MD,7142.0
1148,RI,MI,3545.0
1149,RI,NC,8054.0
1150,RI,NJ,1704.0
1151,RI,NY,26.0
1152,RI,PA,4368.0
1153,RI,RI,810.0
1154,RI,VA,30.0
1155,SC,CO,3316.0
1156,SC,CT,2085.0
1157,SC,DC,13833.0
1158,SC,FL,11924.0
1159,SC,GA,52722.0
1160,SC,IL,13075.0
1161,SC,IN,406.0
1162,SC,KY,668.0
1163,SC,MA,8207.0
1164,SC,MD,8777.0
1165,SC,MI,6217.0
1166,SC,MN,334.0
1167,SC,MO,217.0
1168,SC,MS,237.0
1169,SC,NC,38840.0
1170,SC,NJ,10478.0
1171,SC,NV,117.0
1172,SC,NY,17017.0
1173,SC,OH,1553.0
1174,SC,PA,12336.0
1175,SC,SC,44.0
1176,SC,TN,2621.0
1177,SC,TX,18499.0
1178,SC,VA,83.0
1179,SC,WA,1588.0
1180,SD,AZ,7826.0
1181,SD,CO,9115.0
1182,SD,FL,2518.0
1183,SD,GA,1677.0
1184,SD,IL,4787.0
1185,SD,MN,9070.0
1186,SD,ND,17.0
1187,SD,NV,2212.0
1188,SD,OK,25.0
1189,SD,SD,77.0
1190,SD,TX,5150.0
1191,SD,UT,720.0
1192,TN,AR,547.0
1193,TN,AZ,11188.0
1194,TN,CA,25045.0
1195,TN,CO,24640.0
1196,TN,DC,16883.0
1197,TN,FL,88918.0
1198,TN,GA,63361.0
1199,TN,IA,1160.0
1200,TN,IL,34090.0
1201,TN,KY,121.0
1202,TN,LA,7815.0
1203,TN,MA,10688.0
1204,TN,MD,12774.0
1205,TN,MI,18408.0
1206,TN,MN,12985.0
1207,TN,MO,9955.0
1208,TN,MS,1190.0
1209,TN,NC,42978.0
1210,TN,NE,323.0
1211,TN,NJ,10322.0
1212,TN,NV,10776.0
1213,TN,NY,20278.0
1214,TN,OH,7674.0
1215,TN,OK,2071.0
1216,TN,OR,52.0
1217,TN,PA,15582.0
1218,TN,SC,2249.0
1219,TN,SD,27.0
1220,TN,TN,302.0
1221,TN,TX,78022.0
1222,TN,UT,3520.0
1223,TN,VA,1033.0
1224,TN,WA,5916.0
1225,TN,WI,4451.0
1226,TT,HI,7881.0
1227,TT,TT,8996.0
1228,TX,AL,31027.0
1229,TX,AR,31734.0
1230,TX,AZ,143389.0
1231,TX,CA,371167.0
1232,TX,CO,189979.0
1233,TX,CT,3522.0
1234,TX,DC,66323.0
1235,TX,FL,336965.0
1236,TX,GA,152444.0
1237,TX,HI,22013.0
1238,TX,IA,14322.0
1239,TX,ID,5644.0
1240,TX,IL,151985.0
1241,TX,IN,27065.0
1242,TX,KS,15274.0
1243,TX,KY,30128.0
1244,TX,LA,88721.0
1245,TX,MA,31186.0
1246,TX,MD,46145.0
1247,TX,MI,52995.0
1248,TX,MN,46547.0
1249,TX,MO,94550.0
1250,TX,MS,15269.0
1251,TX,MT,5283.0
1252,TX,NC,87998.0
1253,TX,ND,5203.0
1254,TX,NE,19241.0
1255,TX,NH,4.0
1256,TX,NJ,46564.0
1257,TX,NM,40202.0
1258,TX,NV,112271.0
1259,TX,NY,75281.0
1260,TX,OH,31148.0
1261,TX,OK,59534.0
1262,TX,OR,19684.0
1263,TX,PA,51927.0
1264,TX,PR,11074.0
1265,TX,SC,18575.0
1266,TX,SD,5994.0
1267,TX,TN,80705.0
1268,TX,TX,714873.0
1269,TX,UT,50718.0
1270,TX,VA,10510.0
1271,TX,VI,623.0
1272,TX,WA,46225.0
1273,TX,WI,15425.0
1274,TX,WY,2501.0
1275,UT,AZ,44025.0
1276,UT,CA,118385.0
1277,UT,CO,40322.0
1278,UT,DC,4632.0
1279,UT,FL,16068.0
1280,UT,GA,29824.0
1281,UT,HI,7789.0
1282,UT,IA,890.0
1283,UT,ID,19038.0
1284,UT,IL,20575.0
1285,UT,IN,1528.0
1286,UT,KY,3315.0
1287,UT,LA,2118.0
1288,UT,MA,8614.0
1289,UT,MD,5679.0
1290,UT,MI,12271.0
1291,UT,MN,15732.0
1292,UT,MO,10508.0
1293,UT,MT,22314.0
1294,UT,NC,8629.0
1295,UT,NE,1749.0
1296,UT,NJ,8526.0
1297,UT,NM,3147.0
1298,UT,NV,25594.0
1299,UT,NY,16678.0
1300,UT,OH,1980.0
1301,UT,OK,2998.0
1302,UT,OR,20103.0
1303,UT,PA,4629.0
1304,UT,SD,559.0
1305,UT,TN,3553.0
1306,UT,TX,52109.0
1307,UT,UT,6055.0
1308,UT,WA,29203.0
1309,UT,WI,2162.0
1310,UT,WY,5678.0
1311,VA,AL,25.0
1312,VA,CO,4523.0
1313,VA,DC,10265.0
1314,VA,FL,26888.0
1315,VA,GA,47324.0
1316,VA,IL,14756.0
1317,VA,MA,5579.0
1318,VA,MD,6607.0
1319,VA,MI,5725.0
1320,VA,MN,1619.0
1321,VA,MO,30.0
1322,VA,NC,41899.0
1323,VA,NE,71.0
1324,VA,NJ,5188.0
1325,VA,NV,941.0
1326,VA,NY,12762.0
1327,VA,PA,8948.0
1328,VA,SC,63.0
1329,VA,TN,986.0
1330,VA,TX,9731.0
1331,VA,VA,13.0
1332,VA,WI,36.0
1333,VI,DC,2115.0
1334,VI,FL,21448.0
1335,VI,GA,8190.0
1336,VI,IL,654.0
1337,VI,MA,1848.0
1338,VI,NC,3563.0
1339,VI,NJ,3381.0
1340,VI,NY,3305.0
1341,VI,PA,3088.0
1342,VI,PR,7291.0
1343,VI,TX,833.0
1344,VI,VI,3844.0
1345,VT,DC,4763.0
1346,VT,FL,885.0
1347,VT,GA,988.0
1348,VT,IL,2199.0
1349,VT,MA,279.0
1350,VT,MI,2260.0
1351,VT,NC,2857.0
1352,VT,NJ,2281.0
1353,VT,NY,6209.0
1354,VT,PA,2616.0
1355,WA,AK,73319.0
1356,WA,AZ,57550.0
1357,WA,CA,187699.0
1358,WA,CO,40416.0
1359,WA,DC,10568.0
1360,WA,FL,18044.0
1361,WA,GA,17351.0
1362,WA,HI,46461.0
1363,WA,ID,20724.0
1364,WA,IL,26569.0
1365,WA,IN,3427.0
1366,WA,KS,1004.0
1367,WA,KY,973.0
1368,WA,LA,3467.0
1369,WA,MA,8302.0
1370,WA,MD,2121.0
1371,WA,MI,11887.0
1372,WA,MN,23962.0
1373,WA,MO,8478.0
1374,WA,MT,17493.0
1375,WA,NC,10261.0
1376,WA,NE,2288.0
1377,WA,NJ,6411.0
1378,WA,NM,1692.0
1379,WA,NV,47778.0
1380,WA,NY,12729.0
1381,WA,OH,1960.0
1382,WA,OK,1674.0
1383,WA,OR,54113.0
1384,WA,PA,5601.0
1385,WA,SC,1368.0
1386,WA,TN,5190.0
1387,WA,TX,42484.0
1388,WA,UT,27923.0
1389,WA,WA,95708.0
1390,WA,WI,2031.0
1391,WA,WY,59.0
1392,WI,AZ,17014.0
1393,WI,CA,2183.0
1394,WI,CO,15437.0
1395,WI,DC,2953.0
1396,WI,FL,39247.0
1397,WI,GA,22122.0
1398,WI,IA,33.0
1399,WI,IL,35868.0
1400,WI,IN,39.0
1401,WI,MA,1354.0
1402,WI,MD,2422.0
1403,WI,MI,17344.0
1404,WI,MN,20002.0
1405,WI,MO,4232.0
1406,WI,NC,8271.0
1407,WI,NE,159.0
1408,WI,NJ,2957.0
1409,WI,NV,7976.0
1410,WI,NY,5981.0
1411,WI,OH,1562.0
1412,WI,PA,2720.0
1413,WI,TN,2973.0
1414,WI,TX,12744.0
1415,WI,UT,1550.0
1416,WI,WA,1709.0
1417,WI,WI,171.0
1418,WV,DC,650.0
1419,WV,FL,4261.0
1420,WV,GA,3106.0
1421,WV,IL,2139.0
1422,WV,MA,3.0
1423,WV,MD,137.0
1424,WV,NC,4751.0
1425,WV,OH,50.0
1426,WV,PA,582.0
1427,WV,TN,98.0
1428,WV,WV,410.0
1429,WY,CA,3052.0
1430,WY,CO,14478.0
1431,WY,GA,2329.0
1432,WY,IL,4275.0
1433,WY,MA,4.0
1434,WY,NE,22.0
1435,WY,NJ,1483.0
1436,WY,NY,348.0
1437,WY,OK,35.0
1438,WY,TX,3220.0
1439,WY,UT,6635.0
1440,WY,WA,50.0
1441,WY,WY,648.0
